lat,long
24.5592665,-104.65878
25.03428,-77.39628
25.6866142,-100.31611
25.6866142,-100.31611
25.6866142,-100.31611
25.7616798,-80.1917902
25.7616798,-80.1917902
25.7616798,-80.1917902
25.7616798,-80.1917902
25.7616798,-80.1917902
25.7616798,-80.1917902
25.7616798,-80.1917902
25.7616798,-80.1917902
25.7616798,-80.1917902
25.7616798,-80.19179
25.7616798,-80.19179
25.7616798,-80.19179
25.7616798,-80.19179
25.7616798,-80.19179
25.7616798,-80.19179
25.7745031,-80.1917513
25.790654,-80.130046
25.9017472,-97.497484
25.9331488,-80.162546
26.007765,-80.2962555
26.0989338,-80.1343585
26.1224386,-80.1373174
26.1224386,-80.137317
26.1224386,-80.137317
26.1275862,-80.2331036
26.1420358,-81.79481
26.1420358,-81.79481
26.1595194,-97.990837
26.1669711,-80.256595
26.190096,-80.365865
26.1906306,-97.6961026
26.2445263,-80.206436
26.3683064,-80.1289321
26.3683064,-80.1289321
26.3683064,-80.1289321
26.3683064,-80.1289321
26.5609093,-81.914532
26.5628537,-81.949533
26.640628,-81.8723084
26.640628,-81.872308
26.6844193,-81.809886
26.7056206,-80.03643
26.7153424,-80.053375
26.7542312,-80.933675
26.8233946,-80.138655
26.8233946,-80.138655
26.9342246,-80.0942087
26.9342246,-80.0942087
26.9620053,-82.3525952
26.9620053,-82.3525952
27.0832157,-81.0777078
27.3364347,-82.5306527
27.3955284,-82.5545239
27.3955284,-82.5545239
27.3955284,-82.5545239
27.4409144,-82.60816
27.4989278,-82.5748194
27.5305671,-99.4803241
27.5663227,-99.4721255
27.6648274,-81.515754
27.6648274,-81.515754
27.6648274,-81.515754
27.6648274,-81.515754
27.6648274,-81.515754
27.6648274,-81.515754
27.6648274,-81.515754
27.6648274,-81.515754
27.6648274,-81.515754
27.6648274,-81.515754
27.6648274,-81.515754
27.6648274,-81.5157535
27.6648274,-81.5157535
27.6648274,-81.5157535
27.6648274,-81.5157535
27.6648274,-81.5157535
27.6648274,-81.5157535
27.6648274,-81.5157535
27.6648274,-81.5157535
27.6648274,-81.5157535
27.6648274,-81.5157535
27.6648274,-81.5157535
27.6648274,-81.5157535
27.6648274,-81.5157535
27.6648274,-81.5157535
27.6648274,-81.5157535
27.6648274,-81.5157535
27.6648274,-81.5157535
27.6648274,-81.5157535
27.763383,-82.543672
27.7676008,-82.640292
27.7676008,-82.640292
27.8005828,-97.396381
27.8199853,-82.29578
27.9311339,-82.368704
27.950575,-82.457178
27.950575,-82.457178
27.950575,-82.457178
27.950575,-82.457178
27.950575,-82.457178
27.950575,-82.4571776
27.9658533,-82.800103
27.9658533,-82.800103
27.9658533,-82.8001026
27.990984,-82.6883938
28.0394654,-81.9498042
28.0582985,-81.866144
28.0836269,-80.608109
28.0836269,-80.608109
28.3644485,-82.6934343
28.5383355,-81.379237
28.5383355,-81.379237
28.5383355,-81.379237
28.5383355,-81.379237
28.5383355,-81.379237
28.5383355,-81.379237
28.5383355,-81.3792365
28.5383355,-81.3792365
28.5383355,-81.3792365
28.6329957,-106.0691
28.6934076,-81.532215
28.7097167,-81.732854
28.7390864,-81.86909
29.0963729,-80.936998
29.1712454,-81.0371117
29.1871986,-82.140092
29.2858129,-81.0558894
29.3013479,-94.7976958
29.4241219,-98.4936282
29.4241219,-98.4936282
29.4241219,-98.4936282
29.4241219,-98.4936282
29.4241219,-98.4936282
29.4241219,-98.4936282
29.4241219,-98.493628
29.501988,-98.338212
29.5293998,-95.201045
29.561618,-98.2269553
29.5825855,-95.207543
29.6038404,-95.1750783
29.6516344,-82.3248262
29.6516344,-82.3248262
29.6516344,-82.3248262
29.6516344,-82.3248262
29.6516344,-82.3248262
29.6606723,-82.41151
29.7038652,-95.333996
29.7604267,-95.369803
29.7604267,-95.369803
29.7604267,-95.369803
29.7604267,-95.369803
29.7604267,-95.369803
29.7604267,-95.369803
29.7604267,-95.369803
29.7604267,-95.369803
29.7604267,-95.369803
29.7604267,-95.369803
29.7604267,-95.369803
29.7604267,-95.369803
29.7604267,-95.369803
29.7604267,-95.369803
29.7604267,-95.369803
29.7604267,-95.369803
29.7604267,-95.369803
29.7604267,-95.3698028
29.7604267,-95.3698028
29.7604267,-95.3698028
29.7604267,-95.3698028
29.7604267,-95.3698028
29.7604267,-95.3698028
29.7604267,-95.3698028
29.7604267,-95.3698028
29.7604267,-95.3698028
29.7604267,-95.3698028
29.7604267,-95.3698028
29.7604267,-95.3698028
29.7604267,-95.3698028
29.7604267,-95.3698028
29.7604267,-95.3698028
29.7604267,-95.3698028
29.7604267,-95.3698028
29.7604267,-95.3698028
29.7604267,-95.3698028
29.7604267,-95.3698028
29.7604267,-95.3698028
29.7604267,-95.3698028
29.7604267,-95.3698028
29.7604267,-95.3698028
29.7604267,-95.3698028
29.7604267,-95.3698028
29.7604267,-95.3698028
29.7604267,-95.3698028
29.7857853,-95.824396
29.7857853,-95.8243956
29.800097,-95.824974
29.8832749,-97.9413941
29.888411,-97.938351
29.9012437,-81.312434
29.9510658,-90.0715323
29.9510658,-90.0715323
29.9510658,-90.0715323
29.9510658,-90.0715323
29.9510658,-90.0715323
29.9510658,-90.0715323
29.9510658,-90.071532
29.9510658,-90.071532
29.9510658,-90.071532
29.9510658,-90.071532
29.9510658,-90.071532
29.9746502,-92.1342921
29.9988312,-95.2621553
30.0035365,-91.8187285
30.0035365,-91.8187285
30.0035365,-91.8187285
30.0575359,-95.1902986
30.097643,-97.307347
30.1588129,-85.6602058
30.1658207,-95.4612625
30.2240897,-92.0198427
30.2240897,-92.0198427
30.2265949,-93.217376
30.2306906,-97.799714
30.2519247,-97.746869
30.265881,-97.736813
30.267153,-97.743061
30.267153,-97.743061
30.267153,-97.743061
30.267153,-97.743061
30.267153,-97.743061
30.267153,-97.743061
30.267153,-97.743061
30.267153,-97.7430608
30.267153,-97.7430608
30.267153,-97.7430608
30.267153,-97.7430608
30.267153,-97.7430608
30.267153,-97.7430608
30.2849185,-97.7340567
30.2868632,-89.3761587
30.3058611,-90.972358
30.3321838,-81.655651
30.3321838,-81.655651
30.3674198,-89.0928155
30.3960318,-88.8853078
30.421309,-87.216915
30.4382559,-84.280733
30.4382559,-84.280733
30.4382559,-84.280733
30.4582829,-91.14032
30.4582829,-91.14032
30.4582829,-91.14032
30.4868564,-90.956213
30.5082551,-97.678896
30.5131593,-82.005602
30.554281,-91.0368766
30.5782446,-98.2728003
30.6035255,-87.903605
30.6175619,-96.3079044
30.627977,-96.3344068
30.627977,-96.3344068
30.6696818,-81.4625919
30.6743643,-96.369963
30.6773394,-96.381045
30.6953657,-88.0398912
30.7591685,-97.698227
30.9842977,-91.962333
30.9842977,-91.962333
30.9842977,-91.962333
30.9842977,-91.962333
30.9842977,-91.962333
30.9842977,-91.9623327
30.9842977,-91.9623327
31.0487933,-85.304933
31.3151708,-85.855216
31.3271189,-89.2903392
31.3271189,-89.290339
31.549333,-97.1466695
31.5604442,-91.403171
31.7607195,-93.0862749
31.7618778,-106.4850217
31.7618778,-106.4850217
31.7621153,-95.6307891
31.8023831,-97.0916692
31.812438,-106.4213208
31.8456816,-102.3676431
31.8576265,-103.09267
31.9685988,-99.9018131
31.9685988,-99.9018131
31.9685988,-99.9018131
31.9685988,-99.9018131
31.9685988,-99.9018131
31.9685988,-99.9018131
31.9685988,-99.9018131
31.9685988,-99.9018131
31.9685988,-99.9018131
31.9685988,-99.9018131
31.9685988,-99.901813
31.9685988,-99.901813
31.9685988,-99.901813
31.9685988,-99.901813
31.9685988,-99.901813
31.9685988,-99.901813
31.9685988,-99.901813
31.9685988,-99.901813
31.9685988,-99.901813
31.9685988,-99.901813
31.9685988,-99.901813
31.9685988,-99.901813
31.9685988,-99.901813
31.9685988,-99.901813
31.9685988,-99.901813
31.9685988,-99.901813
31.9685988,-99.901813
31.9685988,-99.901813
31.9685988,-99.901813
31.9685988,-99.901813
31.9685988,-99.901813
31.9685988,-99.901813
31.9685988,-99.901813
31.9685988,-99.901813
31.977196,-85.649841
32.0835407,-81.099834
32.1656221,-82.9000751
32.1656221,-82.9000751
32.1656221,-82.9000751
32.1656221,-82.9000751
32.1656221,-82.9000751
32.1656221,-82.9000751
32.1656221,-82.9000751
32.1656221,-82.9000751
32.1656221,-82.9000751
32.1656221,-82.9000751
32.1656221,-82.900075
32.1656221,-82.900075
32.1656221,-82.900075
32.1656221,-82.900075
32.1656221,-82.900075
32.1656221,-82.900075
32.2217429,-110.92648
32.2217429,-110.92648
32.2217429,-110.92648
32.2217429,-110.926479
32.2217429,-110.926479
32.2217429,-110.926479
32.2412672,-92.7159853
32.2679247,-96.170252
32.2959337,-95.260921
32.2987573,-90.1848103
32.2987573,-90.1848103
32.2987573,-90.18481
32.2987573,-90.18481
32.2987573,-90.18481
32.2987573,-90.18481
32.3182314,-86.902298
32.3399462,-99.704054
32.3512601,-95.301062
32.3546679,-89.3985283
32.3546679,-89.3985283
32.359309,-95.2990915
32.4274274,-93.7049219
32.4487364,-99.7331439
32.5007037,-94.740489
32.5184775,-92.1476353
32.5211504,-93.743631
32.6454116,-85.3782795
32.6631537,-95.488475
32.6781085,-117.0992
32.6781085,-117.0991967
32.6911521,-96.4527891
32.7157305,-117.1610966
32.715738,-117.1610838
32.715738,-117.1610838
32.715738,-117.1610838
32.715738,-117.1610838
32.715738,-117.1610838
32.715738,-117.1610838
32.715738,-117.1610838
32.715738,-117.1610838
32.715738,-117.1610838
32.715738,-117.1610838
32.715738,-117.1610838
32.715738,-117.1610838
32.715738,-117.1610838
32.715738,-117.1610838
32.715738,-117.1610838
32.715738,-117.16108
32.715738,-117.16108
32.715738,-117.16108
32.715738,-117.16108
32.715738,-117.16108
32.715738,-117.16108
32.715738,-117.16108
32.715738,-117.16108
32.715738,-117.16108
32.715738,-117.16108
32.715738,-117.16108
32.7287413,-96.622771
32.735687,-97.108066
32.7554883,-97.330766
32.7554883,-97.3307658
32.7573626,-94.345193
32.772201,-102.623199
32.7764749,-79.9310512
32.7764749,-79.931051
32.7766642,-96.796988
32.7766642,-96.796988
32.7766642,-96.796988
32.7766642,-96.7969879
32.7766642,-96.7969879
32.7766642,-96.7969879
32.7766642,-96.7969879
32.7766642,-96.7969879
32.7766642,-96.7969879
32.7766642,-96.7969879
32.7766642,-96.7969879
32.7766642,-96.7969879
32.7766642,-96.7969879
32.7766642,-96.7969879
32.7766642,-96.7969879
32.7766642,-96.7969879
32.7995738,-97.269182
32.8156603,-96.8439894
32.8180414,-96.9491171
32.8365488,-97.1031342
32.8406946,-83.6324022
32.8406946,-83.6324022
32.8406946,-83.632402
32.855705,-97.037662
32.912624,-96.6388833
32.912624,-96.638883
32.9265137,-96.8961151
32.9312336,-96.459709
32.9342919,-97.0780654
32.9483335,-96.729852
32.9483335,-96.729852
32.9518115,-96.821657
33.0145673,-97.096955
33.0588095,-96.722597
33.1747056,-96.685679
33.1972465,-96.6397822
33.2098407,-87.5691735
33.2148412,-97.133068
33.2148412,-97.133068
33.2168831,-96.6120947
33.2362278,-96.80111
33.2859472,-96.572767
33.3528264,-111.78903
33.4150485,-111.54958
33.4151843,-111.8314724
33.4200638,-111.9329515
33.425125,-94.0476882
33.4255104,-111.94001
33.4255104,-111.94001
33.4483771,-112.07404
33.4483771,-112.07404
33.4483771,-112.07404
33.4483771,-112.07404
33.4483771,-112.07404
33.4483771,-112.07404
33.4483771,-112.07404
33.4483771,-112.0740373
33.4483771,-112.0740373
33.4483771,-112.0740373
33.4483771,-112.0740373
33.4500425,-112.25932
33.4689509,-112.5065523
33.4734978,-82.010515
33.5206608,-86.80249
33.5206608,-86.80249
33.527613,-117.68393
33.5556614,-85.899966
33.5610582,-117.1319135
33.5684605,-117.7263
33.5778631,-101.85517
33.5778631,-101.8551665
33.5778631,-101.8551665
33.5801103,-85.076611
33.5967091,-83.860493
33.5968913,-117.6581562
33.6198251,-86.6088756
33.6407282,-84.4277
33.6504107,-97.2053697
33.6594835,-117.9988026
33.6594835,-117.9988026
33.6594835,-117.9988
33.6845673,-117.8265049
33.6845673,-117.8265
33.7090212,-117.95441
33.7174708,-117.83114
33.7174708,-117.83114
33.7194001,-84.4789489
33.7341374,-84.114609
33.7398163,-118.28431
33.7405971,-84.3469748
33.7475058,-90.7301999
33.7489954,-84.3879824
33.7489954,-84.3879824
33.7489954,-84.3879824
33.7489954,-84.3879824
33.7489954,-84.3879824
33.7489954,-84.3879824
33.7489954,-84.3879824
33.7489954,-84.3879824
33.7489954,-84.3879824
33.7489954,-84.3879824
33.7489954,-84.3879824
33.7489954,-84.3879824
33.7489954,-84.3879824
33.7489954,-84.3879824
33.7489954,-84.3879824
33.7489954,-84.3879824
33.7489954,-84.3879824
33.7489954,-84.3879824
33.7489954,-84.3879824
33.7489954,-84.387982
33.7489954,-84.387982
33.7489954,-84.387982
33.7489954,-84.387982
33.7489954,-84.387982
33.7489954,-84.387982
33.7489954,-84.387982
33.7489954,-84.387982
33.7489954,-84.387982
33.7489954,-84.387982
33.7489954,-84.387982
33.7489954,-84.387982
33.7514966,-84.7477136
33.7589188,-84.3640829
33.7589188,-84.3640829
33.7589188,-84.3640829
33.7589188,-84.3640829
33.7700504,-118.19374
33.7700504,-118.1937395
33.7700504,-118.1937395
33.7700504,-118.1937395
33.7748275,-84.2963123
33.7803832,-84.3360359
33.7948364,-83.713229
33.8081608,-84.170196
33.8187167,-84.5824329
33.8231988,-83.4430118
33.8302961,-116.5452921
33.8302961,-116.5452921
33.8316745,-118.28169
33.836081,-81.163725
33.836081,-81.1637245
33.836081,-81.1637245
33.8372663,-84.406761
33.8622366,-118.3995194
33.8703299,-84.4920695
33.8958492,-118.2200712
33.900996,-98.539295
33.9137085,-98.493387
33.916475,-117.9002918
33.921563,-78.0202677
33.9244531,-84.8413056
33.9304352,-84.3733147
33.9401088,-118.13316
33.9462125,-84.3346473
33.9519347,-83.357567
33.9519347,-83.357567
33.952602,-84.549933
33.952602,-84.5499327
33.952602,-84.5499327
33.9533487,-117.39616
33.969864,-84.2212938
33.9791793,-118.032844
33.983656,-84.4272803
33.9887165,-83.8979573
33.9891116,-118.2914872
33.9926097,-83.7201709
33.9934867,-81.0739825
34.0007104,-81.0348144
34.0007104,-81.0348144
34.0007104,-81.0348144
34.0007104,-81.034814
34.0007104,-81.034814
34.0028786,-84.1446376
34.0064659,-118.28254
34.0194543,-118.4911912
34.0194543,-118.49119
34.0232431,-84.361556
34.0232431,-84.3615555
34.0234337,-84.61549
34.0234337,-84.6154897
34.0240113,-118.28634
34.0289259,-84.198579
34.033625,-117.04309
34.033625,-117.04309
34.033879,-117.935274
34.0346824,-118.2414903
34.0489281,-111.0937311
34.0489281,-111.09373
34.0489281,-111.09373
34.0489281,-111.09373
34.0489281,-111.09373
34.0504967,-117.6335205
34.0514898,-84.0713
34.0514898,-84.0712997
34.0522342,-118.2436849
34.0522342,-118.2436849
34.0522342,-118.2436849
34.0522342,-118.2436849
34.0522342,-118.2436849
34.0522342,-118.2436849
34.0522342,-118.2436849
34.0522342,-118.2436849
34.0522342,-118.2436849
34.0522342,-118.2436849
34.0522342,-118.2436849
34.0522342,-118.2436849
34.0522342,-118.2436849
34.0522342,-118.2436849
34.0522342,-118.2436849
34.0522342,-118.2436849
34.0522342,-118.2436849
34.0522342,-118.2436849
34.0522342,-118.2436849
34.0522342,-118.2436849
34.0522342,-118.2436849
34.0522342,-118.2436849
34.0522342,-118.2436849
34.0522342,-118.2436849
34.0522342,-118.2436849
34.0522342,-118.2436849
34.0522342,-118.2436849
34.0522342,-118.2436849
34.0522342,-118.24368
34.0522342,-118.24368
34.0522342,-118.24368
34.0522342,-118.24368
34.0522342,-118.24368
34.0522342,-118.24368
34.0522342,-118.24368
34.0522342,-118.24368
34.0522342,-118.24368
34.0522342,-118.24368
34.0522342,-118.24368
34.0522342,-118.24368
34.0522342,-118.24368
34.0522342,-118.24368
34.0522342,-118.24368
34.0522342,-118.24368
34.0522342,-118.24368
34.0522342,-118.24368
34.0522342,-118.24368
34.0522342,-118.24368
34.0522342,-118.24368
34.0522342,-118.24368
34.0522342,-118.24368
34.0522342,-118.24368
34.0522342,-118.24368
34.0522342,-118.24368
34.0526919,-118.26535
34.055103,-117.74999
34.0659329,-84.6768796
34.0736204,-118.4003563
34.0736204,-118.4003563
34.074609,-118.4807049
34.0753762,-84.2940899
34.0753762,-84.2940899
34.0839163,-118.35689
34.0873881,-118.38083
34.0904926,-118.3305188
34.0928092,-118.32866
34.0928092,-118.32866
34.0959769,-118.1084392
34.1014873,-84.5193754
34.1206564,-84.0043513
34.1268357,-78.9739192
34.1376576,-118.125269
34.1425078,-118.25508
34.1425078,-118.255075
34.1477849,-118.14452
34.1489719,-118.45136
34.1535868,-118.3444342
34.1650972,-84.7999382
34.1705609,-118.8375937
34.1825782,-118.43968
34.1825782,-118.43968
34.1853462,-118.3600432
34.1954001,-82.161788
34.1975048,-119.1770516
34.2002053,-77.893086
34.2073196,-84.1401926
34.2073196,-84.1401926
34.2248222,-87.009174
34.2331373,-102.4107493
34.2331373,-102.4107493
34.2362054,-96.678613
34.2367621,-84.4907621
34.2438963,-116.91142
34.257038,-85.1646726
34.2675937,-86.2088669
34.2804923,-119.2945199
34.3015282,-77.9142683
34.4208305,-119.6981901
34.4208305,-119.6981901
34.4208305,-119.6981901
34.4208305,-119.6981901
34.4208305,-119.6981901
34.4567915,-93.0613507
34.483901,-114.3224548
34.5034394,-82.650133
34.5794343,-118.1164613
34.5959265,-92.4890469
34.5959265,-92.4890469
34.6124905,-117.8281193
34.6481318,-97.958093
34.667266,-88.562436
34.6845455,-90.3828769
34.6882456,-120.4364208
34.6890953,-77.520344
34.700923,-87.528915
34.7303688,-86.5861037
34.7332178,-79.22976
34.7370639,-82.2542834
34.7464809,-92.2895948
34.7464809,-92.2895948
34.7464809,-92.2895948
34.7464809,-92.2895948
34.7650887,-87.698641
34.7650887,-87.6986407
34.7650887,-87.6986407
34.7659145,-84.769939
34.8526176,-82.3940104
34.8526176,-82.3940104
34.8526176,-82.39401
34.9032325,-76.896704
34.9248667,-81.025078
34.9495672,-81.9320482
34.9495672,-81.9320482
34.9530337,-120.4357191
34.9592083,-116.41939
34.9592083,-116.41939
34.9592083,-116.41939
34.9930956,-80.851596
34.9992469,-81.9712719
35.0077519,-97.092877
35.0077519,-97.092877
35.0077519,-97.092877
35.0077519,-97.092877
35.0077519,-97.092877
35.0456297,-85.3096801
35.0456297,-85.3096801
35.0456297,-85.3096801
35.0456297,-85.30968
35.0456297,-85.30968
35.0456297,-85.30968
35.0537094,-94.6235579
35.0589583,-97.4844761
35.0853336,-106.6055534
35.0853336,-106.6055534
35.0853336,-106.6055534
35.0853336,-106.6055534
35.0853336,-106.60555
35.108493,-77.044114
35.1427533,-120.6412827
35.1427533,-120.64128
35.1495343,-90.0489801
35.1495343,-90.0489801
35.1495343,-90.04898
35.1495343,-90.04898
35.1495343,-90.04898
35.1495343,-90.04898
35.1495343,-90.04898
35.1495343,-90.04898
35.15305,-80.853212
35.20105,-91.831833
35.20105,-91.831833
35.2144026,-80.947315
35.2219971,-101.8313
35.2219971,-101.8312969
35.2225668,-97.4394777
35.2225668,-97.4394777
35.2270869,-80.843127
35.2270869,-80.843127
35.2270869,-80.843127
35.2270869,-80.843127
35.2270869,-80.843127
35.2270869,-80.843127
35.2270869,-80.843127
35.2270869,-80.843127
35.2270869,-80.843127
35.2270869,-80.843127
35.2270869,-80.8431267
35.2270869,-80.8431267
35.2270869,-80.8431267
35.2456474,-80.8017877
35.3272928,-96.9253
35.3342187,-75.5071103
35.3732921,-119.0187125
35.3848841,-77.992765
35.3859242,-94.3985475
35.410694,-80.8428504
35.410694,-80.8428504
35.4336454,-96.6388251
35.4398261,-95.9819429
35.4589926,-97.605052
35.4675602,-97.516428
35.4675602,-97.516428
35.4675602,-97.516428
35.4675602,-97.5164276
35.4686868,-88.5208825
35.4914677,-92.03126
35.5019795,-80.918003
35.5084935,-78.3394455
35.5174913,-86.5804473
35.5174913,-86.5804473
35.5174913,-86.5804473
35.5174913,-86.5804473
35.5174913,-86.580447
35.5174913,-86.580447
35.5174913,-86.580447
35.5761837,-97.568097
35.5848596,-80.8100724
35.6055108,-77.3645653
35.6150716,-87.035283
35.646818,-97.4819379
35.6528323,-97.478095
35.7079146,-79.813645
35.7273509,-77.8907839
35.732652,-78.8502856
35.7475692,-95.370026
35.7475692,-95.370026
35.7475692,-95.370026
35.7595731,-79.0193
35.7595731,-79.0193
35.7595731,-79.0193
35.7595731,-79.0193
35.7595731,-79.0193
35.7595731,-79.0193
35.7595731,-79.0192997
35.7595731,-79.0192997
35.7595731,-79.0192997
35.7595731,-79.0192997
35.7595731,-79.0192997
35.7595731,-79.0192997
35.7595731,-79.0192997
35.774574,-78.643929
35.7795897,-78.638179
35.7795897,-78.638179
35.7795897,-78.638179
35.7795897,-78.6381787
35.7795897,-78.6381787
35.8406225,-88.754225
35.8422967,-90.704279
35.8422967,-90.704279
35.8456213,-86.39027
35.8456213,-86.39027
35.9131996,-79.055845
35.9131996,-79.0558445
35.9214081,-84.0439532
35.9556923,-80.005318
35.9606384,-83.920739
35.9606384,-83.920739
35.9940329,-78.898619
36.0263022,-79.1096901
36.0366811,-86.786835
36.0395247,-114.9817213
36.0404924,-95.9618958
36.0515871,-95.863345
36.060949,-95.7974526
36.060949,-95.7974526
36.0726354,-79.7919754
36.0726354,-79.791975
36.082156,-94.171854
36.0998596,-80.244216
36.1023715,-115.17456
36.1060328,-95.913711
36.1100063,-80.1938012
36.1198588,-80.073653
36.1278679,-94.149391
36.1539816,-95.992775
36.1539816,-95.992775
36.1626638,-86.781602
36.1626638,-86.781602
36.1626638,-86.781602
36.1626638,-86.781602
36.1626638,-86.781602
36.1626638,-86.781602
36.1626638,-86.7816016
36.1626638,-86.7816016
36.1626638,-86.7816016
36.1691085,-115.138862
36.1699412,-115.13983
36.1699412,-115.13983
36.1699412,-115.13983
36.1699412,-115.13983
36.1699412,-115.1398296
36.1699412,-115.1398296
36.1699412,-115.1398296
36.1699412,-115.1398296
36.1699412,-115.1398296
36.1699412,-115.1398296
36.1699412,-115.1398296
36.1699412,-115.1398296
36.277986,-95.834263
36.2786587,-94.304294
36.2942722,-82.4734787
36.3025374,-82.370193
36.3079753,-95.5612055
36.3136201,-121.3541631
36.3179139,-94.1877922
36.336543,-94.217313
36.354575,-94.1974352
36.372231,-94.208321
36.515694,-82.2569667
36.5297706,-87.3594528
36.5301184,-87.3595503
36.6103334,-88.314761
36.6177374,-121.9166215
36.6382925,-94.715516
36.6436731,-93.2185144
36.6777372,-121.6555
36.6844029,-121.802173
36.7281154,-91.8523711
36.7281154,-91.8523711
36.7281154,-91.8523711
36.7520935,-95.951513
36.778261,-119.4179324
36.778261,-119.4179324
36.778261,-119.4179324
36.778261,-119.4179324
36.778261,-119.4179324
36.778261,-119.4179324
36.778261,-119.4179324
36.778261,-119.4179324
36.778261,-119.4179324
36.778261,-119.4179324
36.778261,-119.4179324
36.778261,-119.4179324
36.778261,-119.4179324
36.778261,-119.4179324
36.778261,-119.4179324
36.778261,-119.4179324
36.778261,-119.4179324
36.778261,-119.4179324
36.778261,-119.4179324
36.778261,-119.4179324
36.778261,-119.4179324
36.778261,-119.4179324
36.778261,-119.4179324
36.778261,-119.4179324
36.778261,-119.4179324
36.778261,-119.41793
36.778261,-119.41793
36.778261,-119.41793
36.778261,-119.41793
36.778261,-119.41793
36.778261,-119.41793
36.778261,-119.41793
36.778261,-119.41793
36.778261,-119.41793
36.778261,-119.41793
36.778261,-119.41793
36.778261,-119.41793
36.778261,-119.41793
36.7944045,-76.2170609
36.8529263,-75.977985
36.8529263,-75.977985
36.8664765,-83.8888138
36.8689554,-94.367996
36.9958839,-85.9119215
37.0298687,-76.345222
37.066727,-94.47736
37.09024,-95.712891
37.09024,-95.712891
37.09024,-95.712891
37.09024,-95.712891
37.09024,-95.712891
37.09024,-95.712891
37.09024,-95.712891
37.09024,-95.712891
37.09024,-95.712891
37.09024,-95.712891
37.09024,-95.712891
37.09024,-95.712891
37.09024,-95.712891
37.09024,-95.712891
37.09024,-95.712891
37.09024,-95.712891
37.09024,-95.712891
37.09024,-95.712891
37.09024,-95.712891
37.09024,-95.712891
37.09024,-95.712891
37.09024,-95.712891
37.09024,-95.712891
37.09024,-95.712891
37.09024,-95.712891
37.09024,-95.712891
37.09024,-95.712891
37.09024,-95.712891
37.09024,-95.712891
37.09024,-95.712891
37.09024,-95.712891
37.09024,-95.712891
37.09024,-95.712891
37.09024,-95.712891
37.09024,-95.712891
37.09024,-95.712891
37.09024,-95.712891
37.09024,-95.712891
37.09024,-95.712891
37.09024,-95.712891
37.09024,-95.712891
37.09024,-95.712891
37.09024,-95.712891
37.09024,-95.712891
37.09024,-95.712891
37.09024,-95.712891
37.09024,-95.712891
37.09024,-95.712891
37.09024,-95.712891
37.09024,-95.712891
37.09024,-95.712891
37.09024,-95.712891
37.09024,-95.712891
37.09024,-95.712891
37.09024,-95.712891
37.09024,-95.712891
37.09024,-95.712891
37.09024,-95.712891
37.09024,-95.712891
37.09024,-95.712891
37.09024,-95.712891
37.09024,-95.712891
37.09024,-95.712891
37.09024,-95.712891
37.09024,-95.712891
37.09024,-95.712891
37.09024,-95.712891
37.09024,-95.712891
37.09024,-95.712891
37.09024,-95.712891
37.09024,-95.712891
37.09024,-95.712891
37.09024,-95.712891
37.09024,-95.712891
37.09024,-95.712891
37.09024,-95.712891
37.09024,-95.712891
37.09024,-95.712891
37.09024,-95.712891
37.09024,-95.712891
37.09024,-95.712891
37.09024,-95.712891
37.09024,-95.712891
37.09024,-95.712891
37.09024,-95.712891
37.09024,-95.712891
37.09024,-95.712891
37.09024,-95.712891
37.09024,-95.712891
37.09024,-95.712891
37.09024,-95.712891
37.09024,-95.712891
37.09024,-95.712891
37.09024,-95.712891
37.09024,-95.712891
37.09024,-95.712891
37.09024,-95.712891
37.09024,-95.712891
37.09024,-95.712891
37.09024,-95.712891
37.09024,-95.712891
37.09024,-95.712891
37.09024,-95.712891
37.09024,-95.712891
37.09024,-95.712891
37.09024,-95.712891
37.09024,-95.712891
37.09024,-95.712891
37.09024,-95.712891
37.09024,-95.712891
37.09024,-95.712891
37.09024,-95.712891
37.09024,-95.712891
37.09024,-95.712891
37.09024,-95.712891
37.09024,-95.712891
37.09024,-95.712891
37.09024,-95.712891
37.09024,-95.712891
37.09024,-95.712891
37.09024,-95.712891
37.09024,-95.712891
37.09024,-95.712891
37.09024,-95.712891
37.09024,-95.712891
37.09024,-95.712891
37.09024,-95.712891
37.09024,-95.712891
37.09024,-95.712891
37.09024,-95.712891
37.09024,-95.712891
37.09024,-95.712891
37.2089572,-93.292299
37.2232316,-81.4498717
37.2248982,-95.7099399
37.2248982,-95.7099399
37.2255593,-107.5981123
37.2291595,-82.1590521
37.2295733,-80.413939
37.2387556,-76.509673
37.2765782,-76.496823
37.2765782,-76.4968227
37.3058839,-89.518148
37.3058839,-89.5181476
37.3382082,-121.88633
37.3382082,-121.8863286
37.3382082,-121.8863286
37.3382082,-121.8863286
37.36883,-122.0363496
37.3770935,-77.5049863
37.3822732,-89.666206
37.3860517,-122.08385
37.387474,-122.05754
37.4137536,-79.142246
37.4137536,-79.142246
37.424106,-122.16608
37.4274745,-122.169719
37.4315734,-78.6568942
37.4315734,-78.6568942
37.4315734,-78.6568942
37.4315734,-78.656894
37.4315734,-78.656894
37.4315734,-78.656894
37.4337342,-122.4014193
37.4418834,-122.14302
37.4418834,-122.14302
37.4418834,-122.14302
37.4450327,-122.16135
37.4849377,-119.96628
37.501984,-122.4743184
37.5061069,-77.6490005
37.5061069,-77.6490005
37.5407246,-77.4360481
37.5407246,-77.4360481
37.5407246,-77.436048
37.5407246,-77.436048
37.5949316,-120.95771
37.6143744,-98.4184224
37.6390972,-120.9968782
37.665978,-77.506374
37.6816468,-121.7692172
37.6871761,-97.330053
37.6871761,-97.330053
37.7030646,-85.8649408
37.7030646,-85.8649408
37.7749295,-122.41942
37.7749295,-122.41942
37.7749295,-122.41942
37.7749295,-122.41942
37.7749295,-122.41942
37.7749295,-122.41942
37.7749295,-122.41942
37.7749295,-122.41942
37.7749295,-122.41942
37.7749295,-122.41942
37.7749295,-122.41942
37.7749295,-122.41942
37.7749295,-122.41942
37.7749295,-122.4194155
37.7749295,-122.4194155
37.7749295,-122.4194155
37.7749295,-122.4194155
37.7749295,-122.4194155
37.7749295,-122.4194155
37.7749295,-122.4194155
37.7749295,-122.4194155
37.7793901,-121.543234
37.7793901,-121.543234
37.7902037,-90.4311169
37.8043637,-122.2711137
37.8043637,-122.2711137
37.8043637,-122.2711137
37.8043637,-122.2711137
37.8043637,-122.2711137
37.8043637,-122.2711137
37.8043637,-122.2711137
37.8043637,-122.27111
37.8043637,-122.27111
37.8043637,-122.27111
37.8043637,-122.27111
37.8271784,-122.29131
37.8271784,-122.29131
37.8271784,-122.29131
37.8271784,-122.29131
37.8271784,-122.29131
37.8271784,-122.2913078
37.8271784,-122.2913078
37.8271784,-122.2913078
37.8271784,-122.2913078
37.8271784,-122.2913078
37.8271784,-122.2913078
37.8271784,-122.2913078
37.8271784,-122.2913078
37.8271784,-122.2913078
37.8271784,-122.2913078
37.8271784,-122.2913078
37.8271784,-122.2913078
37.8287218,-92.1053864
37.8393332,-84.270018
37.8393332,-84.2700179
37.8393332,-84.2700179
37.8393332,-84.2700179
37.8590937,-122.48525
37.8715926,-122.27275
37.8715926,-122.272747
37.8718992,-122.2585399
37.8815913,-121.91415
37.9100504,-89.2359165
37.9236194,-104.93027
37.9444882,-87.4052865
37.948544,-91.77153
37.9642529,-91.8318334
37.9642529,-91.831833
37.9642529,-91.831833
37.9642529,-91.831833
37.9715592,-87.5710898
37.9735346,-122.53109
37.9871454,-122.5888686
37.9969744,-79.8304152
38.0049214,-121.805789
38.0086043,-78.4531994
38.0193657,-122.13413
38.0293059,-78.4766781
38.0293059,-78.476678
38.0293059,-78.476678
38.0306511,-84.50397
38.0359765,-122.5655549
38.0405837,-84.5037164
38.0405837,-84.5037164
38.0405837,-84.5037164
38.0405837,-84.5037164
38.0405837,-84.5037164
38.0405837,-84.5037164
38.0405837,-84.503716
38.0472984,-84.705223
38.149576,-79.071696
38.204165,-77.607787
38.2526647,-85.758456
38.2526647,-85.7584557
38.2526647,-85.7584557
38.2526647,-85.7584557
38.253749,-78.458708
38.253749,-78.458708
38.2575517,-76.4620928
38.2775702,-85.737185
38.2975381,-122.28687
38.3497465,-122.52102
38.3497654,-81.6330613
38.3498195,-81.6326234
38.3498195,-81.632623
38.36833,-78.65722
38.403903,-96.181663
38.4220687,-77.4083086
38.440429,-122.71405
38.4454641,-121.8233
38.4729632,-77.996251
38.4805615,-102.78186
38.4852928,-78.951451
38.5024689,-122.26539
38.5083865,-90.3228941
38.5634635,-90.3869867
38.5767017,-92.1735164
38.5779555,-122.9888319
38.5815719,-121.4944
38.5815719,-121.4944
38.5815719,-121.4944
38.5815719,-121.4944
38.5815719,-121.4944
38.5815719,-121.4944
38.5815719,-121.4943996
38.5815719,-121.4943996
38.5815719,-121.4943996
38.5911751,-76.942367
38.5976262,-80.4549026
38.5997918,-90.4476789
38.6270025,-90.1994042
38.6270025,-90.1994042
38.6270025,-90.1994042
38.6270025,-90.1994042
38.6270025,-90.1994042
38.6270025,-90.1994042
38.6270025,-90.199404
38.6270025,-90.199404
38.6581722,-77.2497049
38.6753205,-91.769619
38.6779591,-121.1760583
38.6901134,-75.385473
38.7170349,-76.6007915
38.7481052,-121.2717
38.7521235,-121.28801
38.7849211,-76.8720961
38.8026097,-116.419389
38.8212889,-121.193
38.8338816,-104.8213634
38.8354621,-104.82298
38.8375215,-120.8958242
38.8375215,-120.8958242
38.8813958,-94.8191285
38.8816208,-77.090981
38.8816208,-77.090981
38.8816208,-77.090981
38.8816208,-77.0909809
38.8816208,-77.0909809
38.8816208,-77.0909809
38.8816208,-77.0909809
38.882334,-77.1710914
38.882334,-77.1710914
38.8880247,-121.01623
38.8897411,-94.5366379
38.902984,-76.9364691
38.9071923,-77.036871
38.9071923,-77.036871
38.9071923,-77.036871
38.9071923,-77.036871
38.9071923,-77.036871
38.9071923,-77.036871
38.9071923,-77.036871
38.9071923,-77.036871
38.9071923,-77.036871
38.9071923,-77.036871
38.9071923,-77.036871
38.9071923,-77.036871
38.9071923,-77.036871
38.9071923,-77.036871
38.9071923,-77.036871
38.9071923,-77.036871
38.9071923,-77.036871
38.9071923,-77.036871
38.9071923,-77.036871
38.9071923,-77.036871
38.9071923,-77.036871
38.9071923,-77.036871
38.9071923,-77.036871
38.9071923,-77.036871
38.9071923,-77.036871
38.9071923,-77.036871
38.9071923,-77.036871
38.9071923,-77.036871
38.9071923,-77.036871
38.9071923,-77.036871
38.9071923,-77.036871
38.9071923,-77.036871
38.9071923,-77.0368707
38.9071923,-77.0368707
38.9071923,-77.0368707
38.9071923,-77.0368707
38.9071923,-77.0368707
38.9071923,-77.0368707
38.9071923,-77.0368707
38.9071923,-77.0368707
38.9071923,-77.0368707
38.9071923,-77.0368707
38.9071923,-77.0368707
38.9071923,-77.0368707
38.9071923,-77.0368707
38.9071923,-77.0368707
38.9071923,-77.0368707
38.9071923,-77.0368707
38.9071923,-77.0368707
38.9071923,-77.0368707
38.9071923,-77.0368707
38.9071923,-77.0368707
38.9071923,-77.0368707
38.9071923,-77.0368707
38.9071923,-77.0368707
38.9071923,-77.0368707
38.9071923,-77.0368707
38.9071923,-77.0368707
38.9071923,-77.0368707
38.9071923,-77.0368707
38.9071923,-77.0368707
38.9108325,-75.52767
38.9108325,-75.52767
38.9108325,-75.5276699
38.9127897,-77.0423372
38.9244088,-94.730906
38.9250212,-94.68748
38.9293562,-77.221172
38.932307,-77.219392
38.9517053,-92.334072
38.9517053,-92.334072
38.9517053,-92.334072
38.9536174,-94.733571
38.9536174,-94.733571
38.9538212,-76.9949778
38.9586307,-77.357003
38.966673,-94.6169012
38.9716689,-95.2352501
38.9716689,-95.2352501
38.9716689,-95.2352501
38.9716689,-95.23525
38.9716689,-95.23525
38.9716689,-95.23525
38.9784453,-76.492183
38.9784453,-76.4921829
38.9784453,-76.4921829
38.9822282,-94.670792
38.984652,-77.0947092
38.984652,-77.094709
38.9906657,-77.026088
38.9906657,-77.026088
38.9906657,-77.026088
38.996055,-77.3045088
39.011902,-98.484247
39.011902,-98.484247
39.011902,-98.484247
39.011902,-98.484247
39.011902,-98.4842465
39.011902,-98.4842465
39.011902,-98.4842465
39.022807,-94.658108
39.022807,-94.658108
39.022807,-94.658108
39.022807,-94.658108
39.0398315,-76.9930319
39.0435446,-94.4192858
39.0457549,-76.6412712
39.0457549,-76.641271
39.0457549,-76.641271
39.0457549,-76.641271
39.0457549,-76.641271
39.0457549,-76.641271
39.0559992,-94.609433
39.0719988,-85.251904
39.0832176,-77.479364
39.0839973,-77.1527578
39.0992752,-76.848306
39.0997265,-94.578567
39.0997265,-94.578567
39.0997265,-94.578567
39.0997265,-94.5785667
39.0997265,-94.5785667
39.0997265,-94.5785667
39.0997265,-94.5785667
39.0997265,-94.5785667
39.1031182,-84.51202
39.1031182,-84.5120196
39.1031182,-84.5120196
39.1031182,-84.5120196
39.114053,-94.627464
39.114053,-94.6274636
39.132015,-76.805345
39.132015,-76.805345
39.132015,-76.805345
39.1434406,-77.2013705
39.1492746,-76.775249
39.158168,-75.524368
39.1637984,-119.7674
39.1637984,-119.7674
39.1640768,-86.51741
39.1731621,-77.27165
39.1910983,-106.81754
39.2103186,-92.1379539
39.2387164,-77.2794288
39.267849,-83.117478
39.2903848,-76.6121893
39.2903848,-76.6121893
39.2903848,-76.6121893
39.2903848,-76.6121893
39.2903848,-76.6121893
39.2903848,-76.6121893
39.2903848,-76.6121893
39.2903848,-76.612189
39.2903848,-76.612189
39.2903848,-76.612189
39.2903848,-76.612189
39.2939419,-76.6143517
39.298855,-84.521041
39.3209801,-111.09373
39.3209801,-111.09373
39.3209801,-111.09373
39.3218962,-76.505799
39.3321262,-84.417267
39.3995008,-84.5613355
39.449556,-75.7163207
39.453185,-85.661158
39.5156627,-77.0732748
39.5296329,-119.8138
39.536482,-104.89707
39.5500507,-105.78207
39.5500507,-105.78207
39.5500507,-105.78207
39.5500507,-105.78207
39.5500507,-105.78207
39.5500507,-105.7820674
39.5500507,-105.7820674
39.5500507,-105.7820674
39.5500507,-105.7820674
39.5500507,-105.7820674
39.5500507,-105.7820674
39.5500507,-105.7820674
39.5500507,-105.7820674
39.5753791,-76.9958149
39.6136578,-86.1066526
39.6172101,-104.9508141
39.6393943,-86.8628946
39.6528654,-78.7625185
39.673586,-84.2464216
39.6779504,-75.750611
39.6779504,-75.750611
39.6832814,-75.489845
39.7136754,-82.599329
39.7284944,-121.83748
39.729709,-121.840766
39.7392358,-104.99025
39.752136,-77.44211
39.755543,-105.2210997
39.7589478,-84.1916069
39.7606518,-84.164547
39.7628227,-86.3997167
39.7645091,-86.158492
39.768403,-86.158068
39.768403,-86.158068
39.768403,-86.158068
39.768403,-86.158068
39.768403,-86.158068
39.768403,-86.158068
39.768403,-86.158068
39.768403,-86.158068
39.768403,-86.158068
39.768403,-86.158068
39.768403,-86.158068
39.768403,-86.158068
39.768403,-86.158068
39.768403,-86.158068
39.7817213,-89.6501481
39.7817213,-89.6501481
39.7817213,-89.6501481
39.7817213,-89.650148
39.8422093,-75.1969346
39.8422093,-75.1969346
39.8422093,-75.1969346
39.8422093,-75.1969346
39.8433853,-74.7107048
39.8466556,-82.812365
39.8560578,-74.978607
39.8680412,-104.9719243
39.9081741,-83.0221443
39.9164475,-77.9109874
39.9306677,-75.3201878
39.935814,-91.377249
39.942688,-105.81199
39.9470567,-75.2921301
39.9488737,-75.150023
39.94924,-76.743685
39.9525839,-75.165222
39.9525839,-75.165222
39.9525839,-75.165222
39.9525839,-75.165222
39.9525839,-75.165222
39.9525839,-75.165222
39.9525839,-75.165222
39.9525839,-75.165222
39.9525839,-75.165222
39.9525839,-75.165222
39.9525839,-75.165222
39.9525839,-75.165222
39.9525839,-75.165222
39.9525839,-75.165222
39.9525839,-75.1652215
39.9525839,-75.1652215
39.9525839,-75.1652215
39.9525839,-75.1652215
39.9525839,-75.1652215
39.9525839,-75.1652215
39.9525839,-75.1652215
39.9525839,-75.1652215
39.9525839,-75.1652215
39.9537358,-74.197946
39.9537358,-74.197946
39.9600859,-75.240071
39.9606643,-75.605488
39.9611755,-82.9987942
39.9611755,-82.9987942
39.9611755,-82.9987942
39.9611755,-82.9987942
39.9611755,-82.9987942
39.9611755,-82.9987942
39.9611755,-82.998794
39.9652553,-74.311821
39.9868904,-75.400706
39.9936837,-81.7340168
39.9975414,-85.746644
39.9978764,-76.354127
40.005334,-86.1560009
40.0084456,-75.26046
40.0084456,-75.26046
40.0084456,-75.26046
40.0129951,-75.0668467
40.0149856,-105.27055
40.0333961,-83.158245
40.0378755,-76.3055144
40.0378755,-76.305514
40.0411536,-86.8744516
40.0415996,-75.36989
40.0466571,-76.1783739
40.0506453,-77.520265
40.0581205,-82.4012642
40.0583238,-74.4056612
40.0583238,-74.4056612
40.0583238,-74.4056612
40.0583238,-74.4056612
40.0583238,-74.4056612
40.0583238,-74.4056612
40.0583238,-74.4056612
40.0583238,-74.4056612
40.0583238,-74.4056612
40.0583238,-74.405661
40.0583238,-74.405661
40.0583238,-74.405661
40.0583238,-74.405661
40.0583238,-74.405661
40.0583238,-74.405661
40.0583238,-74.405661
40.0583238,-74.405661
40.0583238,-74.405661
40.0658191,-105.3666599
40.0688309,-75.309938
40.0931191,-83.017962
40.0992294,-83.114077
40.0994425,-74.932568
40.1105875,-88.2072697
40.1109277,-76.715801
40.1164204,-88.243383
40.124481,-87.6300207
40.1439985,-75.1157286
40.1625258,-75.0572011
40.1672068,-105.10193
40.1672068,-105.1019275
40.1998777,-122.20111
40.2449457,-75.6473773
40.2671941,-86.134902
40.2671941,-86.134902
40.2671941,-86.134902
40.2671941,-86.134902
40.2671941,-86.1349019
40.2671941,-86.1349019
40.2671941,-86.1349019
40.2671941,-86.1349019
40.2671941,-86.1349019
40.2671941,-86.1349019
40.2671941,-86.1349019
40.2677539,-74.540251
40.2731911,-76.886701
40.2731911,-76.8867008
40.2731911,-76.8867008
40.2731911,-76.8867008
40.2731911,-76.8867008
40.3025907,-74.511172
40.3084762,-89.7004215
40.311046,-111.733736
40.3169235,-111.71855
40.3337075,-75.6374083
40.3380949,-74.2687291
40.3768954,-111.79576
40.4167022,-86.875287
40.4172871,-82.907123
40.4172871,-82.907123
40.4172871,-82.907123
40.4172871,-82.907123
40.4172871,-82.907123
40.4172871,-82.907123
40.4172871,-82.907123
40.4172871,-82.907123
40.4172871,-82.907123
40.4172871,-82.907123
40.4172871,-82.907123
40.4172871,-82.907123
40.4172871,-82.907123
40.4258686,-86.908066
40.4258686,-86.9080655
40.4258686,-86.9080655
40.4259915,-79.9667766
40.4272949,-78.3889024
40.4406248,-79.9958864
40.4406248,-79.9958864
40.4406248,-79.9958864
40.4406248,-79.995886
40.4406248,-79.995886
40.4406248,-79.995886
40.4406248,-79.995886
40.4406248,-79.995886
40.4406248,-79.995886
40.4522837,-79.982439
40.4862157,-74.4518188
40.4897866,-88.993649
40.5169767,-80.2213477
40.5206198,-81.474005
40.538026,-80.092601
40.5852602,-105.08442
40.5852602,-105.08442
40.5939636,-74.6049061
40.6084305,-75.4901833
40.6315843,-74.3656203
40.6331249,-89.3985283
40.6331249,-89.3985283
40.6331249,-89.3985283
40.6331249,-89.3985283
40.6331249,-89.398528
40.6331249,-89.398528
40.6331249,-89.398528
40.6331249,-89.398528
40.6345952,-74.181931
40.6367682,-74.90989
40.6409358,-74.383484
40.6659344,-73.488181
40.6677248,-111.93883
40.6764003,-73.812498
40.6781784,-73.944158
40.6781784,-73.944158
40.6781784,-73.944158
40.6781784,-73.944158
40.6781784,-73.944158
40.6781784,-73.944158
40.6781784,-73.944158
40.6781784,-73.9441579
40.6781784,-73.9441579
40.6781784,-73.9441579
40.6781784,-73.9441579
40.6781784,-73.9441579
40.6781784,-73.9441579
40.6781784,-73.9441579
40.6794072,-73.850728
40.6802639,-73.471809
40.6806563,-73.474291
40.6925712,-74.1095819
40.6936488,-89.588986
40.70533,-74.0146
40.7074909,-74.011276
40.7084692,-74.0105948
40.7127753,-74.005973
40.7127753,-74.005973
40.7127753,-74.005973
40.7127753,-74.005973
40.7127753,-74.005973
40.7127753,-74.005973
40.7127753,-74.005973
40.7127753,-74.005973
40.7127753,-74.005973
40.7127753,-74.005973
40.7127753,-74.005973
40.7127753,-74.005973
40.7127753,-74.005973
40.7127753,-74.005973
40.7127753,-74.005973
40.7127753,-74.005973
40.7127753,-74.005973
40.7127753,-74.005973
40.7127753,-74.005973
40.7127753,-74.005973
40.7127753,-74.005973
40.7127753,-74.005973
40.7127753,-74.005973
40.7127753,-74.005973
40.7127753,-74.005973
40.7127753,-74.005973
40.7127753,-74.005973
40.7127753,-74.005973
40.7127753,-74.005973
40.7127753,-74.005973
40.7127753,-74.005973
40.7127753,-74.005973
40.7127753,-74.005973
40.7127753,-74.005973
40.7127753,-74.005973
40.7127753,-74.005973
40.7127753,-74.005973
40.7127753,-74.005973
40.7127753,-74.005973
40.7127753,-74.005973
40.7127753,-74.005973
40.7127753,-74.005973
40.7127753,-74.005973
40.7127753,-74.005973
40.7127753,-74.005973
40.7127753,-74.005973
40.7127753,-74.005973
40.7127753,-74.005973
40.7127753,-74.005973
40.7127753,-74.005973
40.7127753,-74.005973
40.7127753,-74.005973
40.7127753,-74.005973
40.7127753,-74.0059728
40.7127753,-74.0059728
40.7127753,-74.0059728
40.7127753,-74.0059728
40.7127753,-74.0059728
40.7127753,-74.0059728
40.7127753,-74.0059728
40.7127753,-74.0059728
40.7127753,-74.0059728
40.7127753,-74.0059728
40.7127753,-74.0059728
40.7127753,-74.0059728
40.7127753,-74.0059728
40.7127753,-74.0059728
40.7127753,-74.0059728
40.7127753,-74.0059728
40.7127753,-74.0059728
40.7127753,-74.0059728
40.7127753,-74.0059728
40.7127753,-74.0059728
40.7127753,-74.0059728
40.7127753,-74.0059728
40.7127753,-74.0059728
40.7127753,-74.0059728
40.7127753,-74.0059728
40.7127753,-74.0059728
40.7127753,-74.0059728
40.7127753,-74.0059728
40.7127753,-74.0059728
40.7127753,-74.0059728
40.7127753,-74.0059728
40.7127753,-74.0059728
40.7127753,-74.0059728
40.7127753,-74.0059728
40.7127753,-74.0059728
40.7127753,-74.0059728
40.7127753,-74.0059728
40.7127753,-74.0059728
40.7127753,-74.0059728
40.7127753,-74.0059728
40.7127753,-74.0059728
40.7127753,-74.0059728
40.7127753,-74.0059728
40.7127753,-74.0059728
40.7127753,-74.0059728
40.7127753,-74.0059728
40.7127753,-74.0059728
40.7127753,-74.0059728
40.7127753,-74.0059728
40.7127753,-74.0059728
40.7127753,-74.0059728
40.7127753,-74.0059728
40.7127753,-74.0059728
40.7127753,-74.0059728
40.7127753,-74.0059728
40.7127753,-74.0059728
40.7127753,-74.0059728
40.7162692,-74.008632
40.720418,-73.986885
40.7206555,-73.4401232
40.723301,-74.0029883
40.7250986,-73.2453946
40.7263542,-73.986553
40.7282239,-73.794852
40.7282239,-73.7948516
40.7282239,-73.7948516
40.7282239,-73.7948516
40.7291207,-74.0077944
40.7312691,-73.982863
40.735657,-74.172367
40.7381306,-73.98292
40.738348,-74.169001
40.740375,-75.3096237
40.7421662,-73.995533
40.742551,-84.105226
40.7453369,-73.9992966
40.7544955,-73.9846334
40.7556561,-73.587627
40.7581722,-73.970379
40.7585569,-73.7654367
40.7607793,-111.8910474
40.7607793,-111.8910474
40.7649588,-73.982874
40.767323,-74.204868
40.7739051,-82.3688078
40.774716,-74.694929
40.7756184,-77.7924992
40.7769271,-73.873966
40.7830603,-73.971249
40.7830603,-73.971249
40.7830603,-73.971249
40.7830603,-73.971249
40.7830603,-73.9712488
40.7830603,-73.9712488
40.7830603,-73.9712488
40.787878,-74.3882072
40.789142,-73.134961
40.811327,-73.9617546
40.8256561,-73.6981858
40.8257625,-96.6851982
40.8257625,-96.6851982
40.8257625,-96.685198
40.8259007,-74.2090053
40.838337,-73.91826
40.8417082,-73.9393554
40.8428759,-73.292894
40.8447819,-73.864827
40.8447819,-73.864827
40.8447819,-73.864827
40.8447819,-73.8648268
40.875891,-81.4023356
40.9012101,-74.5143232
40.9039878,-74.118476
40.9039878,-74.118476
40.9167654,-74.171811
40.9253725,-74.2765441
40.9595279,-74.0626093
40.9906561,-74.032112
40.9933913,-73.8729625
41.0160293,-92.4083022
41.0160293,-92.4083022
41.04422,-83.649932
41.0534302,-73.538734
41.0748188,-73.7751326
41.079273,-85.1393513
41.079273,-85.1393513
41.079273,-85.139351
41.0814447,-81.5190053
41.1210115,-78.758326
41.143245,-81.8552196
41.1536674,-81.3578859
41.1536674,-81.3578859
41.1575566,-81.2420473
41.2033216,-77.194525
41.2033216,-77.194525
41.2033216,-77.194525
41.2033216,-77.194525
41.2033216,-77.194525
41.2033216,-77.194525
41.2033216,-77.194525
41.2033216,-77.194525
41.2033216,-77.194525
41.2033216,-77.194525
41.2033216,-77.1945247
41.2033216,-77.1945247
41.2033216,-77.1945247
41.2033216,-77.1945247
41.2033216,-77.1945247
41.223,-111.9738304
41.2272668,-85.8219345
41.2523634,-95.9979883
41.2523634,-95.9979883
41.2523634,-95.9979883
41.2523634,-95.997988
41.2523634,-95.997988
41.2523634,-95.997988
41.308274,-72.927884
41.308274,-72.927884
41.308274,-72.927884
41.308274,-72.9278835
41.3125552,-81.4401129
41.3141475,-75.2107149
41.3317606,-74.35682
41.3463716,-72.803155
41.3535161,-72.9254428
41.3934144,-71.9617688
41.400595,-92.919667
41.4086089,-75.6633639
41.408969,-75.662412
41.4141172,-73.3035651
41.485921,-73.050697
41.4872583,-72.0705982
41.4925374,-99.901813
41.49932,-81.694361
41.49932,-81.694361
41.49932,-81.694361
41.49932,-81.6943605
41.49932,-81.6943605
41.49932,-81.6943605
41.49932,-81.6943605
41.5048158,-73.9695832
41.5094771,-90.578748
41.5094771,-90.5787476
41.5581525,-73.0514965
41.5581525,-73.0514965
41.56085,-90.48344
41.5756728,-72.332005
41.5772115,-93.711332
41.5772115,-93.711332
41.6005448,-93.6091064
41.6005448,-93.609106
41.6005448,-93.609106
41.6005448,-93.609106
41.6032207,-73.087749
41.6032207,-73.087749
41.6032207,-73.087749
41.6032207,-73.087749
41.6032207,-73.087749
41.6032207,-73.087749
41.6032207,-73.087749
41.6114472,-90.5818204
41.618468,-72.105169
41.618468,-72.105169
41.618468,-72.105169
41.6262707,-79.6735841
41.6611277,-91.530168
41.6611277,-91.530168
41.6611277,-91.530168
41.6611277,-91.530168
41.6619927,-86.1586156
41.6619927,-86.1586156
41.6763545,-86.2519898
41.6763545,-86.2519898
41.6885978,-71.564208
41.7014912,-71.155045
41.7469749,-88.050341
41.7489203,-87.9183919
41.7508391,-88.153535
41.7605849,-88.3200715
41.7637111,-72.685093
41.7637111,-72.685093
41.7759301,-72.5215009
41.7792144,-83.568824
41.788109,-72.523787
41.8077115,-87.7602365
41.809751,-89.965119
41.8239203,-87.851725
41.8239891,-71.4128343
41.8239891,-71.4128343
41.8346154,-91.135302
41.8521268,-87.6202842
41.8525984,-72.643702
41.8780025,-93.097702
41.8780025,-93.097702
41.8781136,-87.6297982
41.8781136,-87.6297982
41.8781136,-87.6297982
41.8781136,-87.6297982
41.8781136,-87.6297982
41.8781136,-87.6297982
41.8781136,-87.6297982
41.8781136,-87.6297982
41.8781136,-87.6297982
41.8781136,-87.6297982
41.8781136,-87.6297982
41.8781136,-87.6297982
41.8781136,-87.6297982
41.8781136,-87.6297982
41.8781136,-87.6297982
41.8781136,-87.6297982
41.8781136,-87.6297982
41.8781136,-87.6297982
41.8781136,-87.6297982
41.8781136,-87.6297982
41.8781136,-87.6297982
41.8781136,-87.629798
41.8781136,-87.629798
41.8781136,-87.629798
41.8781136,-87.629798
41.8781136,-87.629798
41.8781136,-87.629798
41.8781136,-87.629798
41.8781136,-87.629798
41.8781136,-87.629798
41.8781136,-87.629798
41.8781136,-87.629798
41.8781136,-87.629798
41.8781136,-87.629798
41.8781136,-87.629798
41.8781136,-87.629798
41.8781136,-87.629798
41.8781136,-87.629798
41.8781136,-87.629798
41.8781136,-87.629798
41.8781136,-87.629798
41.8781136,-87.629798
41.8781136,-87.629798
41.8781136,-87.629798
41.8781136,-87.629798
41.8810644,-87.663045
41.8875281,-88.305353
41.8929529,-87.7615618
41.915911,-87.6663713
41.9209018,-73.961289
41.921774,-87.687761
41.9294736,-88.750365
41.934233,-88.774069
41.9403263,-85.0005215
41.944202,-71.972315
41.953173,-87.851265
41.9601644,-81.229853
41.9627392,-92.576753
41.9750287,-88.007291
41.9750287,-88.0072909
41.981532,-81.251883
42.0134038,-72.528298
42.0327234,-97.4137553
42.0584412,-70.178643
42.0963133,-111.8766173
42.1123529,-80.1274665
42.1275267,-87.8289548
42.1292241,-80.085059
42.1292241,-80.085059
42.1667072,-83.781608
42.167019,-76.8205119
42.2050383,-84.5527387
42.2142064,-83.149924
42.2625932,-71.8022934
42.2639098,-88.8442674
42.2711311,-89.0939952
42.2711311,-89.0939952
42.279286,-71.4161565
42.2808256,-83.743038
42.2832142,-71.1270268
42.3121109,-89.1705998
42.3149367,-83.036363
42.3180919,-84.020503
42.3211522,-85.179714
42.3222599,-83.176315
42.3265152,-122.8755949
42.3294776,-83.049196
42.331427,-83.045754
42.331427,-83.045754
42.331427,-83.045754
42.331427,-83.045754
42.331427,-83.0457538
42.331427,-83.0457538
42.331427,-83.0457538
42.3340959,-71.0663322
42.3340959,-71.066332
42.335961,-73.258821
42.3383697,-83.888555
42.3451195,-71.086292
42.3587999,-71.070739
42.3600825,-71.0588801
42.3600825,-71.0588801
42.3600825,-71.0588801
42.3600825,-71.0588801
42.3600825,-71.0588801
42.3600825,-71.0588801
42.3600825,-71.0588801
42.3600825,-71.0588801
42.3600825,-71.0588801
42.3600825,-71.0588801
42.3600825,-71.0588801
42.3600825,-71.0588801
42.3600825,-71.0588801
42.3600825,-71.0588801
42.3600825,-71.0588801
42.3600825,-71.0588801
42.3600825,-71.0588801
42.3600825,-71.0588801
42.3600825,-71.0588801
42.3600825,-71.05888
42.3600825,-71.05888
42.3600825,-71.05888
42.3600825,-71.05888
42.3600825,-71.05888
42.3600825,-71.05888
42.3600825,-71.05888
42.3600825,-71.05888
42.3600825,-71.05888
42.3683353,-71.0824613
42.3709299,-71.1828321
42.3714253,-83.470213
42.3764852,-71.235611
42.3861485,-82.911859
42.3875968,-71.099497
42.4072107,-71.3824374
42.4072107,-71.3824374
42.4072107,-71.3824374
42.4072107,-71.3824374
42.4072107,-71.3824374
42.4072107,-71.3824374
42.4072107,-71.382437
42.4072107,-71.382437
42.4072107,-71.382437
42.4072107,-71.382437
42.422241,-88.6137101
42.4311464,-83.483269
42.4311464,-83.483269
42.4311464,-83.483269
42.4386349,-83.857633
42.4439614,-76.501881
42.4534492,-76.4735027
42.4605917,-83.134648
42.4667613,-71.111877
42.48059,-83.475491
42.4833315,-83.072066
42.4858692,-83.105203
42.492786,-92.3425775
42.4999942,-96.4003069
42.5030908,-83.183539
42.5278731,-70.9286609
42.5294773,-83.780221
42.5294773,-83.780221
42.5467012,-83.211319
42.5678534,-83.373339
42.571723,-70.875129
42.583645,-83.245488
42.5847425,-87.8211854
42.5847425,-87.821185
42.5868882,-82.919551
42.5921924,-83.336188
42.5950939,-71.016164
42.6072552,-83.929395
42.6315066,-83.750732
42.6525793,-73.756232
42.6525793,-73.756232
42.6592995,-83.485691
42.6651965,-82.928643
42.6791832,-70.8411558
42.6811436,-82.736862
42.7238165,-76.9297247
42.7261309,-87.7828523
42.7481821,-77.4146876
42.7598094,-73.7596911
42.7844752,-83.239661
42.7978061,-83.70495
42.8120578,-86.015865
42.8125913,-70.8772751
42.8500769,-106.32517
42.8864468,-78.878369
42.8864468,-78.878369
42.8864468,-78.878369
42.8864468,-78.878369
42.8864468,-78.8783689
42.8864468,-78.8783689
42.8864468,-78.8783689
42.8944955,-78.8682574
42.923565,-85.4726571
42.960727,-85.4954803
42.9633599,-85.6680863
42.9633599,-85.6680863
42.9633599,-85.6680863
42.9633599,-85.668086
42.9633599,-85.668086
42.9956397,-71.4547891
43.0125274,-83.687456
43.0166806,-88.007032
43.0402889,-76.139041
43.0481221,-76.1474244
43.0481221,-76.1474244
43.0481221,-76.147424
43.0481221,-76.147424
43.0481221,-76.147424
43.0481221,-76.147424
43.0630833,-83.851073
43.0730517,-89.4012302
43.0730517,-89.40123
43.0730517,-89.40123
43.0759678,-107.2902839
43.0759678,-107.29028
43.0828162,-79.074163
43.0831301,-73.7845651
43.0962143,-79.0377388
43.1012394,-76.2051486
43.106456,-76.2177046
43.1106071,-76.275798
43.1326734,-74.241409
43.16103,-77.610922
43.16103,-77.6109219
43.16103,-77.6109219
43.1938516,-71.5723953
43.1938516,-71.5723953
43.1938516,-71.572395
43.1938516,-71.572395
43.1938516,-71.572395
43.2233214,-90.291513
43.2557206,-79.8711024
43.2994285,-74.217933
43.3025423,-91.8086417
43.3243931,-71.636864
43.3347053,-90.3867928
43.4113604,-106.2800242
43.4113604,-106.28002
43.467517,-79.6876659
43.5445959,-96.7311034
43.5445959,-96.7311034
43.5445959,-96.731103
43.5549217,-80.264593
43.6086194,-86.363963
43.6187102,-116.21461
43.6422934,-72.251757
43.661471,-70.255326
43.665329,-79.384542
43.7206177,-71.3224107
43.7315479,-79.7624177
43.771752,-79.283984
43.771752,-79.283984
43.7844397,-88.787868
43.7844397,-88.787868
43.7844397,-88.787868
43.7844397,-88.787868
43.7844397,-88.787868
43.7844397,-88.787868
43.7844397,-88.7878678
43.7844397,-88.7878678
43.7864342,-69.9598343
43.8041334,-120.5542012
43.8041334,-120.5542012
43.8041334,-120.5542
43.8041334,-120.5542
43.8041334,-120.5542
43.8041334,-120.5542
43.8049072,-79.535511
43.8517618,-79.5272836
43.9695148,-99.901813
43.969752,-84.763544
43.9939484,-103.7717686
44.0121221,-92.480199
44.0581728,-121.31531
44.0682019,-114.7420408
44.0682019,-114.7420408
44.0682019,-114.7420408
44.0682019,-114.7420408
44.0682019,-114.74204
44.0706845,-121.2890062
44.2526208,-123.7706633
44.2600593,-72.575387
44.2619309,-88.415385
44.2619309,-88.4153847
44.3148443,-85.6023643
44.3148443,-85.6023643
44.3148443,-85.6023643
44.3148443,-85.6023643
44.3148443,-85.6023643
44.3148443,-85.602364
44.3148443,-85.602364
44.3148443,-85.602364
44.3148443,-85.602364
44.3148443,-85.602364
44.3148443,-85.602364
44.3148443,-85.602364
44.3148443,-85.602364
44.3148443,-85.602364
44.3683156,-100.3509665
44.376651,-103.7296415
44.3940915,-70.9727112
44.4758825,-73.212072
44.4758825,-73.212072
44.519159,-88.019826
44.519159,-88.019826
44.5235792,-89.574563
44.5588028,-72.577842
44.5588028,-72.5778415
44.5645659,-123.2620435
44.5801566,-123.2753839
44.6703767,-68.6312724
44.7214301,-73.723753
44.7630567,-85.6206317
44.7677424,-93.2777226
44.7677424,-93.2777226
44.7904203,-73.600582
44.8011821,-68.777814
44.8011821,-68.7778138
44.811349,-91.4984941
44.8480218,-93.0427153
44.8896866,-93.349949
44.9028713,-91.9206505
44.9374831,-93.2009998
44.9428975,-123.0350963
44.9428975,-123.0350963
44.9428975,-123.0350963
44.9537029,-93.089958
44.9537029,-93.0899578
44.9591352,-89.6301221
44.977753,-93.265011
44.977753,-93.265011
44.977753,-93.265011
44.977753,-93.2650108
44.977753,-93.2650108
44.977753,-93.2650108
44.977753,-93.2650108
44.986198,-93.392867
44.9917149,-93.3600034
45.091189,-79.786968
45.253783,-69.4454689
45.253783,-69.4454689
45.253783,-69.4454689
45.3205199,-92.70493
45.3559847,-75.6556401
45.3656761,-122.61231
45.4232921,-75.693735
45.4235937,-75.700929
45.4565817,-75.5807589
45.4646985,-98.486483
45.4646985,-98.4864829
45.4646985,-98.4864829
45.4895636,-73.8205567
45.5016889,-73.567256
45.5016889,-73.567256
45.5016889,-73.567256
45.5230622,-122.6764815
45.5230622,-122.6764815
45.5230622,-122.6764815
45.5230622,-122.6764815
45.5230622,-122.6764815
45.5230622,-122.67648
45.5230622,-122.67648
45.5230622,-122.67648
45.5230622,-122.67648
45.5635343,-94.181426
45.8917738,-123.9615274
46.0038232,-112.53478
46.0123752,-112.5620929
46.240541,-119.09717
46.3091152,-79.46082
46.3526733,-94.202008
46.5180824,-123.82645
46.5180824,-123.82645
46.638998,-67.997601
46.729553,-94.6859
46.729553,-94.6859
46.729553,-94.6859
46.729553,-94.6858998
46.729553,-94.6858998
46.729553,-94.6858998
46.729553,-94.6858998
46.729553,-94.6858998
46.7297771,-117.1817377
46.7382265,-71.2464591
46.7866719,-92.100485
46.7866719,-92.100485
46.8769487,-96.8999057
46.8796822,-110.3625658
46.8796822,-110.3625658
46.9053644,-67.825524
46.9420431,-122.60596
47.0342629,-122.82319
47.1770457,-122.1865055
47.1853785,-122.2928974
47.2042681,-121.9915003
47.2528768,-122.44429
47.329264,-122.5801293
47.4275725,-122.2312139
47.4502499,-122.3088165
47.4828776,-122.2170661
47.5650067,-122.62698
47.5650067,-122.62698
47.5706548,-122.2220674
47.59719,-122.3088643
47.6062095,-122.3320708
47.6062095,-122.3320708
47.6062095,-122.3320708
47.6062095,-122.3320708
47.6062095,-122.3320708
47.6062095,-122.3320708
47.6062095,-122.3320708
47.6062095,-122.3320708
47.6062095,-122.33207
47.6062095,-122.33207
47.6062095,-122.33207
47.6062095,-122.33207
47.6062095,-122.33207
47.6062095,-122.33207
47.6062095,-122.33207
47.6062095,-122.33207
47.6062095,-122.33207
47.6101497,-122.2015159
47.6248791,-122.5210007
47.6587802,-117.4260465
47.6587802,-117.4260465
47.6587802,-117.4260465
47.6587802,-117.4260465
47.6637909,-122.3432867
47.6768927,-122.2059833
47.7144131,-122.3279745
47.735928,-122.64654
47.7510741,-120.74014
47.7510741,-120.74014
47.7510741,-120.74014
47.7510741,-120.74014
47.7510741,-120.74014
47.7510741,-120.7401385
47.7510741,-120.7401385
47.7510741,-120.7401385
47.7510741,-120.7401385
47.7510741,-120.7401385
47.7510741,-120.7401385
47.7559659,-122.3456972
47.8106521,-122.3773551
48.1830261,-111.9832414
48.1987118,-122.1251418
48.2553867,-121.60151
48.4228491,-123.36879
48.7786908,-123.70794
48.9812387,-121.63847
49.1579401,-121.95147